INSERT INTO `r_t000201_t000203` (`F_01`, `F_02`) VALUES
(1, 1),
(1, 2),
(2, 2),
(3, 3),
(4, 4),
(5, 5),
(6, 5),
(7, 6),
(8, 7),
(9, 8),
(10, 9),
(11, 9),
(12, 3);

INSERT INTO `r_t000202_t000201` (`F_01`, `F_02`) VALUES
(1, 1),
(2, 1),
(2, 2),
(3, 1),
(4, 3),
(4, 12),
(5, 4),
(6, 3),
(7, 5),
(8, 5),
(9, 5),
(10, 6),
(11, 7),
(12, 8),
(13, 9),
(14, 10),
(15, 11),
(16, 11);

INSERT INTO `r_t000202_t000203` (`F_01`, `F_02`) VALUES
(1, 1),
(2, 2),
(3, 2),
(4, 3),
(5, 4),
(6, 3),
(7, 5),
(8, 5),
(9, 5),
(10, 4),
(11, 6),
(12, 7),
(13, 8),
(14, 9);

INSERT INTO `r_t000203_t000204` (`F_01`, `F_02`) VALUES
(1, 1),
(1, 2),
(1, 3),
(1, 4),
(1, 5),
(1, 6),
(1, 7),
(1, 8),
(1, 9),
(1, 10),
(1, 11),
(1, 12),
(1, 13),
(1, 14),
(1, 15),
(1, 16),
(1, 17),
(1, 18),
(1, 19),
(1, 20),
(1, 21),
(1, 22),
(1, 23),
(1, 24),
(1, 25),
(1, 26),
(1, 27),
(1, 28),
(1, 29),
(1, 30),
(1, 31),
(1, 32),
(1, 33),
(1, 34),
(1, 35),
(1, 36),
(1, 37),
(1, 38),
(1, 39),
(1, 40),
(1, 41),
(1, 42),
(1, 43),
(1, 44),
(1, 45),
(1, 46),
(1, 47),
(1, 48),
(1, 49),
(1, 50),
(1, 51),
(1, 52),
(1, 53),
(1, 54),
(1, 55),
(1, 56),
(1, 57),
(1, 58),
(1, 59),
(1, 60),
(1, 61),
(1, 62),
(1, 63),
(1, 64),
(1, 65),
(1, 66),
(1, 67),
(1, 68),
(1, 69),
(1, 70),
(1, 71),
(1, 72),
(1, 73),
(1, 74),
(1, 75),
(1, 76),
(1, 77),
(1, 78),
(1, 79),
(1, 80),
(1, 81),
(1, 82),
(1, 83),
(1, 84),
(1, 85),
(1, 86),
(1, 87),
(1, 88),
(1, 89),
(1, 90),
(1, 91),
(1, 92),
(1, 93),
(1, 94),
(1, 95),
(1, 96),
(1, 97),
(1, 98),
(1, 99),
(1, 100),
(1, 101),
(1, 102),
(1, 103),
(1, 104),
(1, 105),
(1, 106),
(1, 107),
(1, 108),
(1, 109),
(1, 110),
(1, 111),
(1, 112),
(1, 113),
(1, 114),
(1, 115),
(1, 116),
(1, 117),
(1, 118),
(1, 119),
(1, 120),
(1, 121),
(1, 122),
(1, 123),
(1, 124),
(1, 125),
(1, 126),
(1, 127),
(1, 128),
(1, 129),
(1, 130),
(1, 131),
(1, 132),
(1, 133),
(1, 134),
(1, 135),
(1, 136),
(1, 137),
(1, 138),
(1, 139),
(1, 140),
(1, 141),
(1, 142),
(1, 143),
(1, 144),
(1, 145),
(1, 146),
(1, 147),
(1, 148),
(1, 149),
(1, 150),
(1, 151),
(1, 152),
(1, 153),
(1, 154),
(1, 155),
(1, 156),
(1, 157),
(1, 158),
(1, 159),
(1, 160),
(1, 161),
(1, 162),
(1, 163),
(1, 164),
(1, 165),
(1, 166),
(1, 167),
(1, 168),
(1, 169),
(1, 170),
(1, 171),
(1, 172),
(1, 173),
(1, 174),
(1, 175),
(1, 176),
(1, 177),
(1, 178),
(1, 179),
(1, 180),
(2, 1),
(2, 2),
(2, 4),
(2, 5),
(2, 6),
(2, 7),
(2, 8),
(2, 9),
(2, 10),
(2, 11),
(2, 12),
(2, 13),
(2, 14),
(2, 15),
(2, 16),
(2, 17),
(2, 18),
(2, 19),
(2, 20),
(2, 21),
(2, 22),
(2, 23),
(2, 24),
(2, 25),
(2, 26),
(2, 27),
(2, 28),
(2, 29),
(2, 30),
(2, 31),
(2, 32),
(2, 33),
(2, 34),
(2, 35),
(2, 36),
(2, 37),
(2, 38),
(2, 39),
(2, 40),
(2, 141),
(2, 142),
(2, 143),
(2, 144),
(2, 145),
(2, 146),
(2, 147),
(2, 148),
(2, 149),
(2, 150),
(2, 151),
(2, 152),
(2, 153),
(2, 154),
(2, 155),
(2, 156),
(2, 157),
(2, 158),
(2, 159),
(2, 160),
(3, 1),
(3, 5),
(3, 9),
(3, 13),
(3, 17),
(3, 21),
(3, 25),
(3, 29),
(3, 33),
(3, 37),
(3, 41),
(3, 42),
(3, 43),
(3, 44),
(3, 45),
(3, 46),
(3, 47),
(3, 48),
(3, 49),
(3, 50),
(3, 51),
(3, 52),
(3, 53),
(3, 54),
(3, 55),
(3, 56),
(3, 57),
(3, 58),
(3, 59),
(3, 60),
(3, 61),
(3, 62),
(3, 63),
(3, 64),
(3, 65),
(3, 66),
(3, 67),
(3, 68),
(3, 69),
(3, 70),
(3, 71),
(3, 72),
(3, 73),
(3, 74),
(3, 75),
(3, 76),
(3, 77),
(3, 78),
(3, 79),
(3, 80),
(3, 81),
(3, 82),
(3, 83),
(3, 84),
(3, 85),
(3, 86),
(3, 87),
(3, 88),
(3, 89),
(3, 90),
(3, 91),
(3, 92),
(3, 93),
(3, 94),
(3, 95),
(3, 96),
(3, 97),
(3, 105),
(3, 115),
(3, 127),
(3, 161),
(3, 162),
(3, 165),
(3, 167),
(3, 169),
(4, 1),
(4, 5),
(4, 9),
(4, 25),
(4, 29),
(4, 49),
(4, 50),
(4, 52),
(4, 53),
(4, 54),
(4, 59),
(4, 60),
(4, 61),
(4, 62),
(4, 63),
(4, 64),
(4, 65),
(4, 66),
(4, 67),
(4, 68),
(4, 69),
(4, 70),
(4, 71),
(4, 72),
(4, 87),
(4, 91),
(4, 115),
(4, 116),
(4, 117),
(4, 118),
(4, 119),
(4, 120),
(4, 161),
(4, 165),
(5, 1),
(5, 5),
(5, 9),
(5, 25),
(5, 29),
(5, 41),
(5, 42),
(5, 45),
(5, 47),
(5, 49),
(5, 50),
(5, 55),
(5, 59),
(5, 60),
(5, 73),
(5, 74),
(5, 77),
(5, 79),
(5, 80),
(5, 87),
(5, 88),
(5, 105),
(5, 106),
(5, 109),
(5, 111),
(5, 115),
(5, 116),
(5, 124),
(5, 125),
(5, 161),
(6, 1),
(6, 5),
(6, 9),
(6, 13),
(6, 17),
(6, 21),
(6, 25),
(6, 26),
(6, 27),
(6, 28),
(6, 41),
(6, 49),
(6, 55),
(6, 59),
(6, 67),
(6, 73),
(6, 79),
(6, 87),
(6, 97),
(6, 105),
(6, 115),
(6, 127),
(6, 161),
(6, 162),
(6, 165),
(6, 167),
(6, 169),
(6, 170),
(7, 1),
(7, 5),
(7, 25),
(7, 41),
(7, 49),
(7, 55),
(7, 59),
(7, 73),
(7, 79),
(7, 87),
(7, 161),
(7, 162),
(7, 163),
(7, 164),
(7, 165),
(7, 166),
(7, 167),
(7, 168),
(7, 169),
(7, 170),
(8, 1),
(8, 5),
(8, 25),
(8, 49),
(8, 50),
(8, 52),
(8, 53),
(8, 54),
(8, 59),
(8, 63),
(8, 64),
(8, 67),
(8, 71),
(8, 79),
(8, 83),
(8, 84),
(8, 87),
(8, 92),
(8, 115),
(8, 119),
(8, 120),
(9, 1),
(9, 5),
(9, 9),
(9, 13),
(9, 17),
(9, 21),
(9, 25),
(9, 29),
(9, 33),
(9, 37),
(9, 41),
(9, 45),
(9, 47),
(9, 49),
(9, 53),
(9, 55),
(9, 59),
(9, 67),
(9, 73),
(9, 79),
(9, 87),
(9, 95),
(9, 97),
(9, 105),
(9, 109),
(9, 111),
(9, 115),
(9, 122),
(9, 124),
(9, 127),
(9, 131),
(9, 133),
(9, 135),
(9, 137),
(9, 139),
(9, 161),
(9, 167);

INSERT INTO `r_t030305_t030204` (`f_01`, `f_02`) VALUES
(124, 1),
(124, 3),
(125, 1),
(125, 3),
(126, 1),
(126, 3),
(127, 1),
(127, 3),
(128, 1),
(128, 3),
(129, 1),
(129, 3),
(130, 1),
(131, 1),
(132, 1),
(132, 3),
(133, 1),
(133, 2),
(134, 2),
(135, 2),
(136, 1),
(137, 2),
(138, 2),
(139, 2),
(140, 2),
(141, 2),
(142, 1);

INSERT INTO `r_t030305_t030207` (`f_01`, `f_02`) VALUES
(124, 1),
(125, 1),
(126, 1),
(127, 1),
(127, 7),
(127, 10),
(128, 1),
(129, 1),
(129, 6),
(129, 9),
(130, 1),
(130, 6),
(130, 9),
(131, 1),
(132, 1),
(133, 1),
(134, 1),
(135, 1),
(136, 1),
(137, 1),
(137, 8),
(138, 1),
(139, 1),
(139, 6),
(139, 7),
(139, 29),
(140, 1),
(140, 28),
(141, 1),
(141, 6),
(142, 1);